child,parent_1,parent_2,parent_3
GEN=1_MEMBER=0_DE,GEN=0_MEMBER=20,GEN=0_MEMBER=21,GEN=0_MEMBER=31,GEN=0_MEMBER=0
GEN=1_MEMBER=1_PSO,GEN=0_MEMBER=20,,
GEN=1_MEMBER=2_PSO,GEN=0_MEMBER=15,,
GEN=1_MEMBER=3_PSO,GEN=0_MEMBER=6,,
GEN=1_MEMBER=4_PSO,GEN=0_MEMBER=26,,
GEN=1_MEMBER=5_PSO,GEN=0_MEMBER=43,,
GEN=1_MEMBER=6_PSO,GEN=0_MEMBER=24,,
GEN=1_MEMBER=7_PSO,GEN=0_MEMBER=36,,
GEN=1_MEMBER=8_PSO,GEN=0_MEMBER=8,,
GEN=1_MEMBER=9_PSO,GEN=0_MEMBER=1,,
GEN=1_MEMBER=10_PSO,GEN=0_MEMBER=37,,
GEN=1_MEMBER=11_PSO,GEN=0_MEMBER=48,,
GEN=1_MEMBER=12_PSO,GEN=0_MEMBER=7,,
GEN=1_MEMBER=13_PSO,GEN=0_MEMBER=44,,
GEN=1_MEMBER=14_PSO,GEN=0_MEMBER=23,,
GEN=1_MEMBER=15_PSO,GEN=0_MEMBER=9,,
GEN=1_MEMBER=16_PSO,GEN=0_MEMBER=21,,
GEN=1_MEMBER=17_PSO,GEN=0_MEMBER=12,,
GEN=1_MEMBER=18_PSO,GEN=0_MEMBER=19,,
GEN=1_MEMBER=19_PSO,GEN=0_MEMBER=35,,
GEN=1_MEMBER=20_PSO,GEN=0_MEMBER=25,,
GEN=1_MEMBER=21_PSO,GEN=0_MEMBER=34,,
GEN=1_MEMBER=22_PSO,GEN=0_MEMBER=2,,
GEN=1_MEMBER=23_PSO,GEN=0_MEMBER=28,,
GEN=1_MEMBER=24_PSO,GEN=0_MEMBER=40,,
GEN=1_MEMBER=25_PSO,GEN=0_MEMBER=41,,
GEN=1_MEMBER=26_PSO,GEN=0_MEMBER=18,,
GEN=1_MEMBER=27_PSO,GEN=0_MEMBER=33,,
GEN=1_MEMBER=28_PSO,GEN=0_MEMBER=13,,
GEN=1_MEMBER=29_PSO,GEN=0_MEMBER=16,,
GEN=1_MEMBER=30_PSO,GEN=0_MEMBER=39,,
GEN=1_MEMBER=31_PSO,GEN=0_MEMBER=5,,
GEN=1_MEMBER=32_PSO,GEN=0_MEMBER=31,,
GEN=1_MEMBER=33_PSO,GEN=0_MEMBER=0,,
GEN=1_MEMBER=34_PSO,GEN=0_MEMBER=22,,
GEN=1_MEMBER=35_PSO,GEN=0_MEMBER=14,,
GEN=1_MEMBER=36_PSO,GEN=0_MEMBER=47,,
GEN=1_MEMBER=37_PSO,GEN=0_MEMBER=4,,
GEN=1_MEMBER=38_PSO,GEN=0_MEMBER=3,,
GEN=1_MEMBER=39_PSO,GEN=0_MEMBER=38,,
GEN=1_MEMBER=40_PSO,GEN=0_MEMBER=42,,
GEN=1_MEMBER=41_PSO,GEN=0_MEMBER=11,,
GEN=1_MEMBER=42_PSO,GEN=0_MEMBER=46,,
GEN=1_MEMBER=43_PSO,GEN=0_MEMBER=32,,
GEN=1_MEMBER=44_PSO,GEN=0_MEMBER=30,,
GEN=1_MEMBER=45_PSO,GEN=0_MEMBER=17,,
GEN=1_MEMBER=46_PSO,GEN=0_MEMBER=49,,
GEN=1_MEMBER=47_PSO,GEN=0_MEMBER=29,,
GEN=1_MEMBER=48_PSO,GEN=0_MEMBER=10,,
GEN=1_MEMBER=49_PSO,GEN=0_MEMBER=45,,
GEN=1_MEMBER=50_PSO,GEN=1_MEMBER=0_DE,,
GEN=2_MEMBER=51_PSO,GEN=1_MEMBER=20_PSO,,
GEN=2_MEMBER=52_PSO,GEN=0_MEMBER=20,,
GEN=2_MEMBER=53_PSO,GEN=0_MEMBER=6,,
GEN=2_MEMBER=54_PSO,GEN=1_MEMBER=11_PSO,,
GEN=2_MEMBER=55_PSO,GEN=1_MEMBER=50_PSO,,
GEN=2_MEMBER=56_PSO,GEN=1_MEMBER=49_PSO,,
GEN=2_MEMBER=57_PSO,GEN=1_MEMBER=44_PSO,,
GEN=2_MEMBER=58_PSO,GEN=0_MEMBER=36,,
GEN=2_MEMBER=59_PSO,GEN=1_MEMBER=48_PSO,,
GEN=2_MEMBER=60_PSO,GEN=1_MEMBER=40_PSO,,
GEN=2_MEMBER=61_PSO,GEN=0_MEMBER=26,,
GEN=2_MEMBER=62_PSO,GEN=0_MEMBER=24,,
GEN=2_MEMBER=63_PSO,GEN=0_MEMBER=8,,
GEN=2_MEMBER=64_PSO,GEN=0_MEMBER=15,,
GEN=2_MEMBER=65_PSO,GEN=1_MEMBER=22_PSO,,
GEN=2_MEMBER=66_PSO,GEN=0_MEMBER=37,,
GEN=2_MEMBER=67_PSO,GEN=1_MEMBER=30_PSO,,
GEN=2_MEMBER=68_PSO,GEN=0_MEMBER=44,,
GEN=2_MEMBER=69_PSO,GEN=0_MEMBER=43,,
GEN=2_MEMBER=70_PSO,GEN=1_MEMBER=16_PSO,,
GEN=2_MEMBER=71_PSO,GEN=0_MEMBER=48,,
GEN=2_MEMBER=72_PSO,GEN=1_MEMBER=27_PSO,,
GEN=2_MEMBER=73_PSO,GEN=1_MEMBER=23_PSO,,
GEN=2_MEMBER=74_PSO,GEN=0_MEMBER=21,,
GEN=2_MEMBER=75_PSO,GEN=1_MEMBER=1_PSO,,
GEN=2_MEMBER=76_PSO,GEN=1_MEMBER=15_PSO,,
GEN=2_MEMBER=77_PSO,GEN=1_MEMBER=29_PSO,,
GEN=2_MEMBER=78_PSO,GEN=1_MEMBER=8_PSO,,
GEN=2_MEMBER=79_PSO,GEN=1_MEMBER=26_PSO,,
GEN=2_MEMBER=80_PSO,GEN=0_MEMBER=12,,
GEN=2_MEMBER=81_PSO,GEN=1_MEMBER=13_PSO,,
GEN=2_MEMBER=82_PSO,GEN=1_MEMBER=3_PSO,,
GEN=2_MEMBER=83_PSO,GEN=0_MEMBER=23,,
GEN=2_MEMBER=84_PSO,GEN=1_MEMBER=17_PSO,,
GEN=2_MEMBER=85_PSO,GEN=0_MEMBER=1,,
GEN=2_MEMBER=86_PSO,GEN=0_MEMBER=7,,
GEN=2_MEMBER=87_PSO,GEN=1_MEMBER=12_PSO,,
GEN=2_MEMBER=88_PSO,GEN=1_MEMBER=6_PSO,,
GEN=2_MEMBER=89_PSO,GEN=1_MEMBER=10_PSO,,
GEN=2_MEMBER=90_PSO,GEN=1_MEMBER=33_PSO,,
GEN=2_MEMBER=91_PSO,GEN=0_MEMBER=2,,
GEN=2_MEMBER=92_PSO,GEN=1_MEMBER=37_PSO,,
GEN=2_MEMBER=93_PSO,GEN=0_MEMBER=35,,
GEN=2_MEMBER=94_PSO,GEN=1_MEMBER=41_PSO,,
GEN=2_MEMBER=95_PSO,GEN=1_MEMBER=35_PSO,,
GEN=2_MEMBER=96_PSO,GEN=1_MEMBER=46_PSO,,
GEN=2_MEMBER=97_PSO,GEN=1_MEMBER=18_PSO,,
GEN=2_MEMBER=98_PSO,GEN=1_MEMBER=43_PSO,,
GEN=2_MEMBER=99_PSO,GEN=1_MEMBER=24_PSO,,
GEN=2_MEMBER=100_PSO,GEN=0_MEMBER=13,,
GEN=3_MEMBER=101_PSO,GEN=1_MEMBER=20_PSO,,
GEN=3_MEMBER=102_PSO,GEN=0_MEMBER=20,,
GEN=3_MEMBER=103_PSO,GEN=2_MEMBER=77_PSO,,
GEN=3_MEMBER=104_PSO,GEN=0_MEMBER=6,,
GEN=3_MEMBER=105_PSO,GEN=1_MEMBER=11_PSO,,
GEN=3_MEMBER=106_PSO,GEN=2_MEMBER=98_PSO,,
GEN=3_MEMBER=107_PSO,GEN=2_MEMBER=97_PSO,,
GEN=3_MEMBER=108_PSO,GEN=2_MEMBER=81_PSO,,
GEN=3_MEMBER=109_PSO,GEN=1_MEMBER=49_PSO,,
GEN=3_MEMBER=110_PSO,GEN=1_MEMBER=44_PSO,,
GEN=3_MEMBER=111_PSO,GEN=1_MEMBER=50_PSO,,
GEN=3_MEMBER=112_PSO,GEN=1_MEMBER=48_PSO,,
GEN=3_MEMBER=113_PSO,GEN=2_MEMBER=90_PSO,,
GEN=3_MEMBER=114_PSO,GEN=0_MEMBER=24,,
GEN=3_MEMBER=115_PSO,GEN=0_MEMBER=8,,
GEN=3_MEMBER=116_PSO,GEN=0_MEMBER=15,,
GEN=3_MEMBER=117_PSO,GEN=2_MEMBER=82_PSO,,
GEN=3_MEMBER=118_PSO,GEN=2_MEMBER=75_PSO,,
GEN=3_MEMBER=119_PSO,GEN=1_MEMBER=40_PSO,,
GEN=3_MEMBER=120_PSO,GEN=0_MEMBER=26,,
GEN=3_MEMBER=121_PSO,GEN=2_MEMBER=94_PSO,,
GEN=3_MEMBER=122_PSO,GEN=2_MEMBER=93_PSO,,
GEN=3_MEMBER=123_PSO,GEN=0_MEMBER=36,,
GEN=3_MEMBER=124_PSO,GEN=2_MEMBER=86_PSO,,
GEN=3_MEMBER=125_PSO,GEN=2_MEMBER=54_PSO,,
GEN=3_MEMBER=126_PSO,GEN=2_MEMBER=74_PSO,,
GEN=3_MEMBER=127_PSO,GEN=2_MEMBER=83_PSO,,
GEN=3_MEMBER=128_PSO,GEN=2_MEMBER=100_PSO,,
GEN=3_MEMBER=129_PSO,GEN=0_MEMBER=43,,
GEN=3_MEMBER=130_PSO,GEN=0_MEMBER=37,,
GEN=3_MEMBER=131_PSO,GEN=1_MEMBER=22_PSO,,
GEN=3_MEMBER=132_PSO,GEN=2_MEMBER=84_PSO,,
GEN=3_MEMBER=133_PSO,GEN=1_MEMBER=30_PSO,,
GEN=3_MEMBER=134_PSO,GEN=2_MEMBER=78_PSO,,
GEN=3_MEMBER=135_PSO,GEN=2_MEMBER=62_PSO,,
GEN=3_MEMBER=136_PSO,GEN=1_MEMBER=23_PSO,,
GEN=3_MEMBER=137_PSO,GEN=1_MEMBER=16_PSO,,
GEN=3_MEMBER=138_PSO,GEN=0_MEMBER=44,,
GEN=3_MEMBER=139_PSO,GEN=2_MEMBER=72_PSO,,
GEN=3_MEMBER=140_PSO,GEN=0_MEMBER=48,,
GEN=3_MEMBER=141_PSO,GEN=2_MEMBER=53_PSO,,
GEN=3_MEMBER=142_PSO,GEN=1_MEMBER=27_PSO,,
GEN=3_MEMBER=143_PSO,GEN=2_MEMBER=57_PSO,,
GEN=3_MEMBER=144_PSO,GEN=2_MEMBER=68_PSO,,
GEN=3_MEMBER=145_PSO,GEN=2_MEMBER=60_PSO,,
GEN=3_MEMBER=146_PSO,GEN=1_MEMBER=13_PSO,,
GEN=3_MEMBER=147_PSO,GEN=1_MEMBER=15_PSO,,
GEN=3_MEMBER=148_PSO,GEN=1_MEMBER=29_PSO,,
GEN=3_MEMBER=149_PSO,GEN=1_MEMBER=8_PSO,,
GEN=3_MEMBER=150_PSO,GEN=1_MEMBER=1_PSO,,
GEN=4_MEMBER=151_PSO,GEN=1_MEMBER=20_PSO,,
GEN=4_MEMBER=152_PSO,GEN=0_MEMBER=20,,
GEN=4_MEMBER=153_PSO,GEN=1_MEMBER=11_PSO,,
GEN=4_MEMBER=154_PSO,GEN=2_MEMBER=77_PSO,,
GEN=4_MEMBER=155_PSO,GEN=0_MEMBER=6,,
GEN=4_MEMBER=156_PSO,GEN=3_MEMBER=141_PSO,,
GEN=4_MEMBER=157_PSO,GEN=2_MEMBER=98_PSO,,
GEN=4_MEMBER=158_PSO,GEN=2_MEMBER=97_PSO,,
GEN=4_MEMBER=159_PSO,GEN=3_MEMBER=116_PSO,,
GEN=4_MEMBER=160_PSO,GEN=2_MEMBER=81_PSO,,
GEN=4_MEMBER=161_PSO,GEN=3_MEMBER=149_PSO,,
GEN=4_MEMBER=162_PSO,GEN=3_MEMBER=110_PSO,,
GEN=4_MEMBER=163_PSO,GEN=2_MEMBER=90_PSO,,
GEN=4_MEMBER=164_PSO,GEN=3_MEMBER=105_PSO,,
GEN=4_MEMBER=165_PSO,GEN=1_MEMBER=48_PSO,,
GEN=4_MEMBER=166_PSO,GEN=3_MEMBER=113_PSO,,
GEN=4_MEMBER=167_PSO,GEN=0_MEMBER=24,,
GEN=4_MEMBER=168_PSO,GEN=1_MEMBER=50_PSO,,
GEN=4_MEMBER=169_PSO,GEN=3_MEMBER=138_PSO,,
GEN=4_MEMBER=170_PSO,GEN=1_MEMBER=49_PSO,,
GEN=4_MEMBER=171_PSO,GEN=1_MEMBER=40_PSO,,
GEN=4_MEMBER=172_PSO,GEN=2_MEMBER=82_PSO,,
GEN=4_MEMBER=173_PSO,GEN=0_MEMBER=8,,
GEN=4_MEMBER=174_PSO,GEN=2_MEMBER=75_PSO,,
GEN=4_MEMBER=175_PSO,GEN=3_MEMBER=134_PSO,,
GEN=4_MEMBER=176_PSO,GEN=3_MEMBER=108_PSO,,
GEN=4_MEMBER=177_PSO,GEN=3_MEMBER=148_PSO,,
GEN=4_MEMBER=178_PSO,GEN=1_MEMBER=44_PSO,,
GEN=4_MEMBER=179_PSO,GEN=0_MEMBER=36,,
GEN=4_MEMBER=180_PSO,GEN=2_MEMBER=83_PSO,,
GEN=4_MEMBER=181_PSO,GEN=2_MEMBER=93_PSO,,
GEN=4_MEMBER=182_PSO,GEN=0_MEMBER=26,,
GEN=4_MEMBER=183_PSO,GEN=2_MEMBER=86_PSO,,
GEN=4_MEMBER=184_PSO,GEN=2_MEMBER=54_PSO,,
GEN=4_MEMBER=185_PSO,GEN=2_MEMBER=100_PSO,,
GEN=4_MEMBER=186_PSO,GEN=0_MEMBER=15,,
GEN=4_MEMBER=187_PSO,GEN=3_MEMBER=142_PSO,,
GEN=4_MEMBER=188_PSO,GEN=3_MEMBER=144_PSO,,
GEN=4_MEMBER=189_PSO,GEN=2_MEMBER=74_PSO,,
GEN=4_MEMBER=190_PSO,GEN=1_MEMBER=22_PSO,,
GEN=4_MEMBER=191_PSO,GEN=1_MEMBER=30_PSO,,
GEN=4_MEMBER=192_PSO,GEN=3_MEMBER=150_PSO,,
GEN=4_MEMBER=193_PSO,GEN=0_MEMBER=37,,
GEN=4_MEMBER=194_PSO,GEN=2_MEMBER=94_PSO,,
GEN=4_MEMBER=195_PSO,GEN=2_MEMBER=62_PSO,,
GEN=4_MEMBER=196_PSO,GEN=2_MEMBER=78_PSO,,
GEN=4_MEMBER=197_PSO,GEN=0_MEMBER=44,,
GEN=4_MEMBER=198_PSO,GEN=2_MEMBER=72_PSO,,
GEN=4_MEMBER=199_PSO,GEN=0_MEMBER=48,,
GEN=4_MEMBER=200_PSO,GEN=3_MEMBER=104_PSO,,
GEN=5_MEMBER=201_PSO,GEN=4_MEMBER=200_PSO,,
GEN=5_MEMBER=202_PSO,GEN=0_MEMBER=20,,
GEN=5_MEMBER=203_PSO,GEN=4_MEMBER=185_PSO,,
GEN=5_MEMBER=204_PSO,GEN=0_MEMBER=6,,
GEN=5_MEMBER=205_PSO,GEN=1_MEMBER=11_PSO,,
GEN=5_MEMBER=206_PSO,GEN=4_MEMBER=192_PSO,,
GEN=5_MEMBER=207_PSO,GEN=2_MEMBER=98_PSO,,
GEN=5_MEMBER=208_PSO,GEN=1_MEMBER=20_PSO,,
GEN=5_MEMBER=209_PSO,GEN=4_MEMBER=176_PSO,,
GEN=5_MEMBER=210_PSO,GEN=2_MEMBER=81_PSO,,
GEN=5_MEMBER=211_PSO,GEN=2_MEMBER=97_PSO,,
GEN=5_MEMBER=212_PSO,GEN=3_MEMBER=149_PSO,,
GEN=5_MEMBER=213_PSO,GEN=3_MEMBER=110_PSO,,
GEN=5_MEMBER=214_PSO,GEN=4_MEMBER=175_PSO,,
GEN=5_MEMBER=215_PSO,GEN=3_MEMBER=105_PSO,,
GEN=5_MEMBER=216_PSO,GEN=4_MEMBER=164_PSO,,
GEN=5_MEMBER=217_PSO,GEN=2_MEMBER=77_PSO,,
GEN=5_MEMBER=218_PSO,GEN=3_MEMBER=113_PSO,,
GEN=5_MEMBER=219_PSO,GEN=1_MEMBER=50_PSO,,
GEN=5_MEMBER=220_PSO,GEN=0_MEMBER=24,,
GEN=5_MEMBER=221_PSO,GEN=4_MEMBER=166_PSO,,
GEN=5_MEMBER=222_PSO,GEN=3_MEMBER=141_PSO,,
GEN=5_MEMBER=223_PSO,GEN=4_MEMBER=171_PSO,,
GEN=5_MEMBER=224_PSO,GEN=3_MEMBER=138_PSO,,
GEN=5_MEMBER=225_PSO,GEN=1_MEMBER=49_PSO,,
GEN=5_MEMBER=226_PSO,GEN=2_MEMBER=82_PSO,,
GEN=5_MEMBER=227_PSO,GEN=3_MEMBER=116_PSO,,
GEN=5_MEMBER=228_PSO,GEN=4_MEMBER=153_PSO,,
GEN=5_MEMBER=229_PSO,GEN=2_MEMBER=90_PSO,,
GEN=5_MEMBER=230_PSO,GEN=0_MEMBER=8,,
GEN=5_MEMBER=231_PSO,GEN=3_MEMBER=148_PSO,,
GEN=5_MEMBER=232_PSO,GEN=1_MEMBER=44_PSO,,
GEN=5_MEMBER=233_PSO,GEN=2_MEMBER=86_PSO,,
GEN=5_MEMBER=234_PSO,GEN=0_MEMBER=36,,
GEN=5_MEMBER=235_PSO,GEN=4_MEMBER=177_PSO,,
GEN=5_MEMBER=236_PSO,GEN=1_MEMBER=48_PSO,,
GEN=5_MEMBER=237_PSO,GEN=4_MEMBER=197_PSO,,
GEN=5_MEMBER=238_PSO,GEN=2_MEMBER=93_PSO,,
GEN=5_MEMBER=239_PSO,GEN=0_MEMBER=26,,
GEN=5_MEMBER=240_PSO,GEN=4_MEMBER=163_PSO,,
GEN=5_MEMBER=241_PSO,GEN=0_MEMBER=15,,
GEN=5_MEMBER=242_PSO,GEN=1_MEMBER=22_PSO,,
GEN=5_MEMBER=243_PSO,GEN=4_MEMBER=161_PSO,,
GEN=5_MEMBER=244_PSO,GEN=1_MEMBER=40_PSO,,
GEN=5_MEMBER=245_PSO,GEN=2_MEMBER=100_PSO,,
GEN=5_MEMBER=246_PSO,GEN=4_MEMBER=173_PSO,,
GEN=5_MEMBER=247_PSO,GEN=2_MEMBER=54_PSO,,
GEN=5_MEMBER=248_PSO,GEN=3_MEMBER=134_PSO,,
GEN=5_MEMBER=249_PSO,GEN=1_MEMBER=30_PSO,,
GEN=5_MEMBER=250_PSO,GEN=2_MEMBER=75_PSO,,
GEN=6_MEMBER=251_PSO,GEN=5_MEMBER=248_PSO,,
GEN=6_MEMBER=252_PSO,GEN=4_MEMBER=200_PSO,,
GEN=6_MEMBER=253_PSO,GEN=4_MEMBER=185_PSO,,
GEN=6_MEMBER=254_PSO,GEN=5_MEMBER=240_PSO,,
GEN=6_MEMBER=255_PSO,GEN=4_MEMBER=192_PSO,,
GEN=6_MEMBER=256_PSO,GEN=5_MEMBER=241_PSO,,
GEN=6_MEMBER=257_PSO,GEN=0_MEMBER=20,,
GEN=6_MEMBER=258_PSO,GEN=5_MEMBER=245_PSO,,
GEN=6_MEMBER=259_PSO,GEN=2_MEMBER=81_PSO,,
GEN=6_MEMBER=260_PSO,GEN=5_MEMBER=223_PSO,,
GEN=6_MEMBER=261_PSO,GEN=1_MEMBER=20_PSO,,
GEN=6_MEMBER=262_PSO,GEN=5_MEMBER=228_PSO,,
GEN=6_MEMBER=263_PSO,GEN=1_MEMBER=11_PSO,,
GEN=6_MEMBER=264_PSO,GEN=4_MEMBER=176_PSO,,
GEN=6_MEMBER=265_PSO,GEN=0_MEMBER=6,,
GEN=6_MEMBER=266_PSO,GEN=2_MEMBER=97_PSO,,
GEN=6_MEMBER=267_PSO,GEN=5_MEMBER=216_PSO,,
GEN=6_MEMBER=268_PSO,GEN=5_MEMBER=206_PSO,,
GEN=6_MEMBER=269_PSO,GEN=3_MEMBER=149_PSO,,
GEN=6_MEMBER=270_PSO,GEN=4_MEMBER=175_PSO,,
GEN=6_MEMBER=271_PSO,GEN=3_MEMBER=105_PSO,,
GEN=6_MEMBER=272_PSO,GEN=4_MEMBER=164_PSO,,
GEN=6_MEMBER=273_PSO,GEN=5_MEMBER=243_PSO,,
GEN=6_MEMBER=274_PSO,GEN=1_MEMBER=50_PSO,,
GEN=6_MEMBER=275_PSO,GEN=2_MEMBER=98_PSO,,
GEN=6_MEMBER=276_PSO,GEN=2_MEMBER=77_PSO,,
GEN=6_MEMBER=277_PSO,GEN=5_MEMBER=235_PSO,,
GEN=6_MEMBER=278_PSO,GEN=3_MEMBER=141_PSO,,
GEN=6_MEMBER=279_PSO,GEN=4_MEMBER=166_PSO,,
GEN=6_MEMBER=280_PSO,GEN=5_MEMBER=215_PSO,,
GEN=6_MEMBER=281_PSO,GEN=3_MEMBER=113_PSO,,
GEN=6_MEMBER=282_PSO,GEN=5_MEMBER=232_PSO,,
GEN=6_MEMBER=283_PSO,GEN=3_MEMBER=138_PSO,,
GEN=6_MEMBER=284_PSO,GEN=3_MEMBER=116_PSO,,
GEN=6_MEMBER=285_PSO,GEN=4_MEMBER=153_PSO,,
GEN=6_MEMBER=286_PSO,GEN=2_MEMBER=82_PSO,,
GEN=6_MEMBER=287_PSO,GEN=5_MEMBER=246_PSO,,
GEN=6_MEMBER=288_PSO,GEN=5_MEMBER=214_PSO,,
GEN=6_MEMBER=289_PSO,GEN=0_MEMBER=24,,
GEN=6_MEMBER=290_PSO,GEN=2_MEMBER=90_PSO,,
GEN=6_MEMBER=291_PSO,GEN=4_MEMBER=171_PSO,,
GEN=6_MEMBER=292_PSO,GEN=3_MEMBER=110_PSO,,
GEN=6_MEMBER=293_PSO,GEN=5_MEMBER=244_PSO,,
GEN=6_MEMBER=294_PSO,GEN=5_MEMBER=221_PSO,,
GEN=6_MEMBER=295_PSO,GEN=2_MEMBER=86_PSO,,
GEN=6_MEMBER=296_PSO,GEN=1_MEMBER=48_PSO,,
GEN=6_MEMBER=297_PSO,GEN=5_MEMBER=231_PSO,,
GEN=6_MEMBER=298_PSO,GEN=5_MEMBER=230_PSO,,
GEN=6_MEMBER=299_PSO,GEN=5_MEMBER=203_PSO,,
GEN=6_MEMBER=300_PSO,GEN=5_MEMBER=218_PSO,,
GEN=7_MEMBER=301_PSO,GEN=5_MEMBER=248_PSO,,
GEN=7_MEMBER=302_PSO,GEN=4_MEMBER=200_PSO,,
GEN=7_MEMBER=303_PSO,GEN=6_MEMBER=279_PSO,,
GEN=7_MEMBER=304_PSO,GEN=6_MEMBER=281_PSO,,
GEN=7_MEMBER=305_PSO,GEN=4_MEMBER=192_PSO,,
GEN=7_MEMBER=306_PSO,GEN=5_MEMBER=241_PSO,,
GEN=7_MEMBER=307_PSO,GEN=4_MEMBER=185_PSO,,
GEN=7_MEMBER=308_PSO,GEN=0_MEMBER=20,,
GEN=7_MEMBER=309_PSO,GEN=6_MEMBER=271_PSO,,
GEN=7_MEMBER=310_PSO,GEN=6_MEMBER=259_PSO,,
GEN=7_MEMBER=311_PSO,GEN=2_MEMBER=81_PSO,,
GEN=7_MEMBER=312_PSO,GEN=1_MEMBER=20_PSO,,
GEN=7_MEMBER=313_PSO,GEN=5_MEMBER=228_PSO,,
GEN=7_MEMBER=314_PSO,GEN=1_MEMBER=11_PSO,,
GEN=7_MEMBER=315_PSO,GEN=4_MEMBER=176_PSO,,
GEN=7_MEMBER=316_PSO,GEN=5_MEMBER=223_PSO,,
GEN=7_MEMBER=317_PSO,GEN=5_MEMBER=245_PSO,,
GEN=7_MEMBER=318_PSO,GEN=0_MEMBER=6,,
GEN=7_MEMBER=319_PSO,GEN=6_MEMBER=260_PSO,,
GEN=7_MEMBER=320_PSO,GEN=5_MEMBER=216_PSO,,
GEN=7_MEMBER=321_PSO,GEN=6_MEMBER=288_PSO,,
GEN=7_MEMBER=322_PSO,GEN=2_MEMBER=97_PSO,,
GEN=7_MEMBER=323_PSO,GEN=6_MEMBER=298_PSO,,
GEN=7_MEMBER=324_PSO,GEN=5_MEMBER=206_PSO,,
GEN=7_MEMBER=325_PSO,GEN=4_MEMBER=175_PSO,,
GEN=7_MEMBER=326_PSO,GEN=3_MEMBER=105_PSO,,
GEN=7_MEMBER=327_PSO,GEN=4_MEMBER=164_PSO,,
GEN=7_MEMBER=328_PSO,GEN=1_MEMBER=50_PSO,,
GEN=7_MEMBER=329_PSO,GEN=2_MEMBER=98_PSO,,
GEN=7_MEMBER=330_PSO,GEN=6_MEMBER=274_PSO,,
GEN=7_MEMBER=331_PSO,GEN=6_MEMBER=262_PSO,,
GEN=7_MEMBER=332_PSO,GEN=3_MEMBER=141_PSO,,
GEN=7_MEMBER=333_PSO,GEN=5_MEMBER=240_PSO,,
GEN=7_MEMBER=334_PSO,GEN=3_MEMBER=113_PSO,,
GEN=7_MEMBER=335_PSO,GEN=6_MEMBER=287_PSO,,
GEN=7_MEMBER=336_PSO,GEN=6_MEMBER=268_PSO,,
GEN=7_MEMBER=337_PSO,GEN=4_MEMBER=166_PSO,,
GEN=7_MEMBER=338_PSO,GEN=6_MEMBER=280_PSO,,
GEN=7_MEMBER=339_PSO,GEN=6_MEMBER=297_PSO,,
GEN=7_MEMBER=340_PSO,GEN=5_MEMBER=232_PSO,,
GEN=7_MEMBER=341_PSO,GEN=3_MEMBER=149_PSO,,
GEN=7_MEMBER=342_PSO,GEN=6_MEMBER=252_PSO,,
GEN=7_MEMBER=343_PSO,GEN=2_MEMBER=82_PSO,,
GEN=7_MEMBER=344_PSO,GEN=5_MEMBER=246_PSO,,
GEN=7_MEMBER=345_PSO,GEN=2_MEMBER=90_PSO,,
GEN=7_MEMBER=346_PSO,GEN=5_MEMBER=243_PSO,,
GEN=7_MEMBER=347_PSO,GEN=5_MEMBER=214_PSO,,
GEN=7_MEMBER=348_PSO,GEN=2_MEMBER=77_PSO,,
GEN=7_MEMBER=349_PSO,GEN=6_MEMBER=255_PSO,,
GEN=7_MEMBER=350_PSO,GEN=5_MEMBER=235_PSO,,
GEN=8_MEMBER=351_PSO,GEN=5_MEMBER=248_PSO,,
GEN=8_MEMBER=352_PSO,GEN=4_MEMBER=200_PSO,,
GEN=8_MEMBER=353_PSO,GEN=6_MEMBER=279_PSO,,
GEN=8_MEMBER=354_PSO,GEN=6_MEMBER=281_PSO,,
GEN=8_MEMBER=355_PSO,GEN=4_MEMBER=185_PSO,,
GEN=8_MEMBER=356_PSO,GEN=0_MEMBER=20,,
GEN=8_MEMBER=357_PSO,GEN=7_MEMBER=342_PSO,,
GEN=8_MEMBER=358_PSO,GEN=6_MEMBER=271_PSO,,
GEN=8_MEMBER=359_PSO,GEN=7_MEMBER=331_PSO,,
GEN=8_MEMBER=360_PSO,GEN=5_MEMBER=241_PSO,,
GEN=8_MEMBER=361_PSO,GEN=2_MEMBER=81_PSO,,
GEN=8_MEMBER=362_PSO,GEN=4_MEMBER=192_PSO,,
GEN=8_MEMBER=363_PSO,GEN=5_MEMBER=223_PSO,,
GEN=8_MEMBER=364_PSO,GEN=5_MEMBER=228_PSO,,
GEN=8_MEMBER=365_PSO,GEN=5_MEMBER=245_PSO,,
GEN=8_MEMBER=366_PSO,GEN=7_MEMBER=333_PSO,,
GEN=8_MEMBER=367_PSO,GEN=7_MEMBER=327_PSO,,
GEN=8_MEMBER=368_PSO,GEN=0_MEMBER=6,,
GEN=8_MEMBER=369_PSO,GEN=4_MEMBER=176_PSO,,
GEN=8_MEMBER=370_PSO,GEN=1_MEMBER=11_PSO,,
GEN=8_MEMBER=371_PSO,GEN=1_MEMBER=20_PSO,,
GEN=8_MEMBER=372_PSO,GEN=6_MEMBER=260_PSO,,
GEN=8_MEMBER=373_PSO,GEN=7_MEMBER=344_PSO,,
GEN=8_MEMBER=374_PSO,GEN=5_MEMBER=216_PSO,,
GEN=8_MEMBER=375_PSO,GEN=6_MEMBER=288_PSO,,
GEN=8_MEMBER=376_PSO,GEN=2_MEMBER=97_PSO,,
GEN=8_MEMBER=377_PSO,GEN=7_MEMBER=326_PSO,,
GEN=8_MEMBER=378_PSO,GEN=6_MEMBER=298_PSO,,
GEN=8_MEMBER=379_PSO,GEN=5_MEMBER=206_PSO,,
GEN=8_MEMBER=380_PSO,GEN=3_MEMBER=105_PSO,,
GEN=8_MEMBER=381_PSO,GEN=1_MEMBER=50_PSO,,
GEN=8_MEMBER=382_PSO,GEN=4_MEMBER=164_PSO,,
GEN=8_MEMBER=383_PSO,GEN=7_MEMBER=303_PSO,,
GEN=8_MEMBER=384_PSO,GEN=7_MEMBER=315_PSO,,
GEN=8_MEMBER=385_PSO,GEN=2_MEMBER=98_PSO,,
GEN=8_MEMBER=386_PSO,GEN=5_MEMBER=240_PSO,,
GEN=8_MEMBER=387_PSO,GEN=4_MEMBER=175_PSO,,
GEN=8_MEMBER=388_PSO,GEN=6_MEMBER=274_PSO,,
GEN=8_MEMBER=389_PSO,GEN=7_MEMBER=316_PSO,,
GEN=8_MEMBER=390_PSO,GEN=6_MEMBER=259_PSO,,
GEN=8_MEMBER=391_PSO,GEN=4_MEMBER=166_PSO,,
GEN=8_MEMBER=392_PSO,GEN=6_MEMBER=287_PSO,,
GEN=8_MEMBER=393_PSO,GEN=6_MEMBER=268_PSO,,
GEN=8_MEMBER=394_PSO,GEN=7_MEMBER=347_PSO,,
GEN=8_MEMBER=395_PSO,GEN=7_MEMBER=307_PSO,,
GEN=8_MEMBER=396_PSO,GEN=3_MEMBER=141_PSO,,
GEN=8_MEMBER=397_PSO,GEN=3_MEMBER=113_PSO,,
GEN=8_MEMBER=398_PSO,GEN=5_MEMBER=232_PSO,,
GEN=8_MEMBER=399_PSO,GEN=3_MEMBER=149_PSO,,
GEN=8_MEMBER=400_PSO,GEN=7_MEMBER=313_PSO,,
GEN=9_MEMBER=401_PSO,GEN=4_MEMBER=200_PSO,,
GEN=9_MEMBER=402_PSO,GEN=8_MEMBER=367_PSO,,
GEN=9_MEMBER=403_PSO,GEN=8_MEMBER=364_PSO,,
GEN=9_MEMBER=404_PSO,GEN=6_MEMBER=279_PSO,,
GEN=9_MEMBER=405_PSO,GEN=6_MEMBER=281_PSO,,
GEN=9_MEMBER=406_PSO,GEN=6_MEMBER=271_PSO,,
GEN=9_MEMBER=407_PSO,GEN=2_MEMBER=81_PSO,,
GEN=9_MEMBER=408_PSO,GEN=0_MEMBER=20,,
GEN=9_MEMBER=409_PSO,GEN=8_MEMBER=397_PSO,,
GEN=9_MEMBER=410_PSO,GEN=7_MEMBER=331_PSO,,
GEN=9_MEMBER=411_PSO,GEN=7_MEMBER=342_PSO,,
GEN=9_MEMBER=412_PSO,GEN=4_MEMBER=185_PSO,,
GEN=9_MEMBER=413_PSO,GEN=5_MEMBER=223_PSO,,
GEN=9_MEMBER=414_PSO,GEN=8_MEMBER=395_PSO,,
GEN=9_MEMBER=415_PSO,GEN=5_MEMBER=245_PSO,,
GEN=9_MEMBER=416_PSO,GEN=5_MEMBER=228_PSO,,
GEN=9_MEMBER=417_PSO,GEN=7_MEMBER=327_PSO,,
GEN=9_MEMBER=418_PSO,GEN=0_MEMBER=6,,
GEN=9_MEMBER=419_PSO,GEN=4_MEMBER=192_PSO,,
GEN=9_MEMBER=420_PSO,GEN=8_MEMBER=400_PSO,,
GEN=9_MEMBER=421_PSO,GEN=4_MEMBER=176_PSO,,
GEN=9_MEMBER=422_PSO,GEN=8_MEMBER=354_PSO,,
GEN=9_MEMBER=423_PSO,GEN=8_MEMBER=391_PSO,,
GEN=9_MEMBER=424_PSO,GEN=8_MEMBER=363_PSO,,
GEN=9_MEMBER=425_PSO,GEN=5_MEMBER=241_PSO,,
GEN=9_MEMBER=426_PSO,GEN=1_MEMBER=11_PSO,,
GEN=9_MEMBER=427_PSO,GEN=6_MEMBER=260_PSO,,
GEN=9_MEMBER=428_PSO,GEN=8_MEMBER=358_PSO,,
GEN=9_MEMBER=429_PSO,GEN=5_MEMBER=216_PSO,,
GEN=9_MEMBER=430_PSO,GEN=6_MEMBER=288_PSO,,
GEN=9_MEMBER=431_PSO,GEN=2_MEMBER=97_PSO,,
GEN=9_MEMBER=432_PSO,GEN=7_MEMBER=326_PSO,,
GEN=9_MEMBER=433_PSO,GEN=7_MEMBER=344_PSO,,
GEN=9_MEMBER=434_PSO,GEN=8_MEMBER=353_PSO,,
GEN=9_MEMBER=435_PSO,GEN=8_MEMBER=384_PSO,,
GEN=9_MEMBER=436_PSO,GEN=1_MEMBER=20_PSO,,
GEN=9_MEMBER=437_PSO,GEN=8_MEMBER=379_PSO,,
GEN=9_MEMBER=438_PSO,GEN=3_MEMBER=105_PSO,,
GEN=9_MEMBER=439_PSO,GEN=4_MEMBER=164_PSO,,
GEN=9_MEMBER=440_PSO,GEN=1_MEMBER=50_PSO,,
GEN=9_MEMBER=441_PSO,GEN=2_MEMBER=98_PSO,,
GEN=9_MEMBER=442_PSO,GEN=8_MEMBER=375_PSO,,
GEN=9_MEMBER=443_PSO,GEN=8_MEMBER=374_PSO,,
GEN=9_MEMBER=444_PSO,GEN=8_MEMBER=389_PSO,,
GEN=9_MEMBER=445_PSO,GEN=6_MEMBER=268_PSO,,
GEN=9_MEMBER=446_PSO,GEN=6_MEMBER=259_PSO,,
GEN=9_MEMBER=447_PSO,GEN=4_MEMBER=166_PSO,,
GEN=9_MEMBER=448_PSO,GEN=7_MEMBER=333_PSO,,
GEN=9_MEMBER=449_PSO,GEN=7_MEMBER=315_PSO,,
GEN=9_MEMBER=450_PSO,GEN=7_MEMBER=347_PSO,,
GEN=10_MEMBER=451_PSO,GEN=4_MEMBER=200_PSO,,
GEN=10_MEMBER=452_PSO,GEN=8_MEMBER=367_PSO,,
GEN=10_MEMBER=453_PSO,GEN=8_MEMBER=364_PSO,,
GEN=10_MEMBER=454_PSO,GEN=6_MEMBER=279_PSO,,
GEN=10_MEMBER=455_PSO,GEN=6_MEMBER=271_PSO,,
GEN=10_MEMBER=456_PSO,GEN=2_MEMBER=81_PSO,,
GEN=10_MEMBER=457_PSO,GEN=9_MEMBER=423_PSO,,
GEN=10_MEMBER=458_PSO,GEN=7_MEMBER=331_PSO,,
GEN=10_MEMBER=459_PSO,GEN=9_MEMBER=403_PSO,,
GEN=10_MEMBER=460_PSO,GEN=4_MEMBER=185_PSO,,
GEN=10_MEMBER=461_PSO,GEN=5_MEMBER=223_PSO,,
GEN=10_MEMBER=462_PSO,GEN=6_MEMBER=281_PSO,,
GEN=10_MEMBER=463_PSO,GEN=9_MEMBER=444_PSO,,
GEN=10_MEMBER=464_PSO,GEN=8_MEMBER=395_PSO,,
GEN=10_MEMBER=465_PSO,GEN=7_MEMBER=342_PSO,,
GEN=10_MEMBER=466_PSO,GEN=5_MEMBER=245_PSO,,
GEN=10_MEMBER=467_PSO,GEN=5_MEMBER=228_PSO,,
GEN=10_MEMBER=468_PSO,GEN=7_MEMBER=327_PSO,,
GEN=10_MEMBER=469_PSO,GEN=0_MEMBER=6,,
GEN=10_MEMBER=470_PSO,GEN=4_MEMBER=176_PSO,,
GEN=10_MEMBER=471_PSO,GEN=8_MEMBER=391_PSO,,
GEN=10_MEMBER=472_PSO,GEN=8_MEMBER=363_PSO,,
GEN=10_MEMBER=473_PSO,GEN=5_MEMBER=241_PSO,,
GEN=10_MEMBER=474_PSO,GEN=1_MEMBER=11_PSO,,
GEN=10_MEMBER=475_PSO,GEN=9_MEMBER=446_PSO,,
GEN=10_MEMBER=476_PSO,GEN=8_MEMBER=354_PSO,,
GEN=10_MEMBER=477_PSO,GEN=8_MEMBER=397_PSO,,
GEN=10_MEMBER=478_PSO,GEN=9_MEMBER=443_PSO,,
GEN=10_MEMBER=479_PSO,GEN=6_MEMBER=260_PSO,,
GEN=10_MEMBER=480_PSO,GEN=8_MEMBER=358_PSO,,
GEN=10_MEMBER=481_PSO,GEN=5_MEMBER=216_PSO,,
GEN=10_MEMBER=482_PSO,GEN=6_MEMBER=288_PSO,,
GEN=10_MEMBER=483_PSO,GEN=2_MEMBER=97_PSO,,
GEN=10_MEMBER=484_PSO,GEN=9_MEMBER=447_PSO,,
GEN=10_MEMBER=485_PSO,GEN=9_MEMBER=413_PSO,,
GEN=10_MEMBER=486_PSO,GEN=9_MEMBER=435_PSO,,
GEN=10_MEMBER=487_PSO,GEN=7_MEMBER=344_PSO,,
GEN=10_MEMBER=488_PSO,GEN=8_MEMBER=353_PSO,,
GEN=10_MEMBER=489_PSO,GEN=9_MEMBER=439_PSO,,
GEN=10_MEMBER=490_PSO,GEN=9_MEMBER=427_PSO,,
GEN=10_MEMBER=491_PSO,GEN=3_MEMBER=105_PSO,,
GEN=10_MEMBER=492_PSO,GEN=2_MEMBER=98_PSO,,
GEN=10_MEMBER=493_PSO,GEN=9_MEMBER=450_PSO,,
GEN=10_MEMBER=494_PSO,GEN=9_MEMBER=405_PSO,,
GEN=10_MEMBER=495_PSO,GEN=0_MEMBER=20,,
GEN=10_MEMBER=496_PSO,GEN=8_MEMBER=379_PSO,,
GEN=10_MEMBER=497_PSO,GEN=6_MEMBER=268_PSO,,
GEN=10_MEMBER=498_PSO,GEN=4_MEMBER=166_PSO,,
GEN=10_MEMBER=499_PSO,GEN=4_MEMBER=192_PSO,,
GEN=10_MEMBER=500_PSO,GEN=6_MEMBER=259_PSO,,
GEN=11_MEMBER=501_PSO,GEN=8_MEMBER=367_PSO,,
GEN=11_MEMBER=502_PSO,GEN=10_MEMBER=479_PSO,,
GEN=11_MEMBER=503_PSO,GEN=6_MEMBER=271_PSO,,
GEN=11_MEMBER=504_PSO,GEN=2_MEMBER=81_PSO,,
GEN=11_MEMBER=505_PSO,GEN=10_MEMBER=472_PSO,,
GEN=11_MEMBER=506_PSO,GEN=9_MEMBER=423_PSO,,
GEN=11_MEMBER=507_PSO,GEN=9_MEMBER=403_PSO,,
GEN=11_MEMBER=508_PSO,GEN=6_MEMBER=279_PSO,,
GEN=11_MEMBER=509_PSO,GEN=6_MEMBER=281_PSO,,
GEN=11_MEMBER=510_PSO,GEN=9_MEMBER=444_PSO,,
GEN=11_MEMBER=511_PSO,GEN=10_MEMBER=480_PSO,,
GEN=11_MEMBER=512_PSO,GEN=10_MEMBER=493_PSO,,
GEN=11_MEMBER=513_PSO,GEN=8_MEMBER=395_PSO,,
GEN=11_MEMBER=514_PSO,GEN=7_MEMBER=342_PSO,,
GEN=11_MEMBER=515_PSO,GEN=5_MEMBER=245_PSO,,
GEN=11_MEMBER=516_PSO,GEN=4_MEMBER=185_PSO,,
GEN=11_MEMBER=517_PSO,GEN=7_MEMBER=327_PSO,,
GEN=11_MEMBER=518_PSO,GEN=7_MEMBER=331_PSO,,
GEN=11_MEMBER=519_PSO,GEN=4_MEMBER=176_PSO,,
GEN=11_MEMBER=520_PSO,GEN=10_MEMBER=498_PSO,,
GEN=11_MEMBER=521_PSO,GEN=5_MEMBER=241_PSO,,
GEN=11_MEMBER=522_PSO,GEN=1_MEMBER=11_PSO,,
GEN=11_MEMBER=523_PSO,GEN=0_MEMBER=6,,
GEN=11_MEMBER=524_PSO,GEN=8_MEMBER=397_PSO,,
GEN=11_MEMBER=525_PSO,GEN=10_MEMBER=477_PSO,,
GEN=11_MEMBER=526_PSO,GEN=9_MEMBER=443_PSO,,
GEN=11_MEMBER=527_PSO,GEN=10_MEMBER=491_PSO,,
GEN=11_MEMBER=528_PSO,GEN=9_MEMBER=446_PSO,,
GEN=11_MEMBER=529_PSO,GEN=10_MEMBER=461_PSO,,
GEN=11_MEMBER=530_PSO,GEN=8_MEMBER=358_PSO,,
GEN=11_MEMBER=531_PSO,GEN=8_MEMBER=363_PSO,,
GEN=11_MEMBER=532_PSO,GEN=10_MEMBER=500_PSO,,
GEN=11_MEMBER=533_PSO,GEN=5_MEMBER=216_PSO,,
GEN=11_MEMBER=534_PSO,GEN=5_MEMBER=223_PSO,,
GEN=11_MEMBER=535_PSO,GEN=10_MEMBER=463_PSO,,
GEN=11_MEMBER=536_PSO,GEN=6_MEMBER=288_PSO,,
GEN=11_MEMBER=537_PSO,GEN=2_MEMBER=97_PSO,,
GEN=11_MEMBER=538_PSO,GEN=9_MEMBER=447_PSO,,
GEN=11_MEMBER=539_PSO,GEN=9_MEMBER=413_PSO,,
GEN=11_MEMBER=540_PSO,GEN=10_MEMBER=462_PSO,,
GEN=11_MEMBER=541_PSO,GEN=9_MEMBER=435_PSO,,
GEN=11_MEMBER=542_PSO,GEN=6_MEMBER=260_PSO,,
GEN=11_MEMBER=543_PSO,GEN=5_MEMBER=228_PSO,,
GEN=11_MEMBER=544_PSO,GEN=7_MEMBER=344_PSO,,
GEN=11_MEMBER=545_PSO,GEN=8_MEMBER=354_PSO,,
GEN=11_MEMBER=546_PSO,GEN=8_MEMBER=391_PSO,,
GEN=11_MEMBER=547_PSO,GEN=4_MEMBER=200_PSO,,
GEN=11_MEMBER=548_PSO,GEN=8_MEMBER=353_PSO,,
GEN=11_MEMBER=549_PSO,GEN=9_MEMBER=439_PSO,,
GEN=11_MEMBER=550_PSO,GEN=9_MEMBER=427_PSO,,
GEN=12_MEMBER=551_PSO,GEN=8_MEMBER=367_PSO,,
GEN=12_MEMBER=552_PSO,GEN=10_MEMBER=479_PSO,,
GEN=12_MEMBER=553_PSO,GEN=11_MEMBER=502_PSO,,
GEN=12_MEMBER=554_PSO,GEN=2_MEMBER=81_PSO,,
GEN=12_MEMBER=555_PSO,GEN=10_MEMBER=480_PSO,,
GEN=12_MEMBER=556_PSO,GEN=11_MEMBER=527_PSO,,
GEN=12_MEMBER=557_PSO,GEN=9_MEMBER=403_PSO,,
GEN=12_MEMBER=558_PSO,GEN=11_MEMBER=540_PSO,,
GEN=12_MEMBER=559_PSO,GEN=11_MEMBER=506_PSO,,
GEN=12_MEMBER=560_PSO,GEN=7_MEMBER=331_PSO,,
GEN=12_MEMBER=561_PSO,GEN=9_MEMBER=423_PSO,,
GEN=12_MEMBER=562_PSO,GEN=11_MEMBER=546_PSO,,
GEN=12_MEMBER=563_PSO,GEN=4_MEMBER=185_PSO,,
GEN=12_MEMBER=564_PSO,GEN=7_MEMBER=327_PSO,,
GEN=12_MEMBER=565_PSO,GEN=4_MEMBER=176_PSO,,
GEN=12_MEMBER=566_PSO,GEN=11_MEMBER=512_PSO,,
GEN=12_MEMBER=567_PSO,GEN=5_MEMBER=245_PSO,,
GEN=12_MEMBER=568_PSO,GEN=10_MEMBER=498_PSO,,
GEN=12_MEMBER=569_PSO,GEN=11_MEMBER=508_PSO,,
GEN=12_MEMBER=570_PSO,GEN=1_MEMBER=11_PSO,,
GEN=12_MEMBER=571_PSO,GEN=0_MEMBER=6,,
GEN=12_MEMBER=572_PSO,GEN=5_MEMBER=241_PSO,,
GEN=12_MEMBER=573_PSO,GEN=11_MEMBER=520_PSO,,
GEN=12_MEMBER=574_PSO,GEN=8_MEMBER=397_PSO,,
GEN=12_MEMBER=575_PSO,GEN=10_MEMBER=477_PSO,,
GEN=12_MEMBER=576_PSO,GEN=10_MEMBER=493_PSO,,
GEN=12_MEMBER=577_PSO,GEN=9_MEMBER=444_PSO,,
GEN=12_MEMBER=578_PSO,GEN=11_MEMBER=518_PSO,,
GEN=12_MEMBER=579_PSO,GEN=9_MEMBER=446_PSO,,
GEN=12_MEMBER=580_PSO,GEN=10_MEMBER=461_PSO,,
GEN=12_MEMBER=581_PSO,GEN=8_MEMBER=358_PSO,,
GEN=12_MEMBER=582_PSO,GEN=10_MEMBER=500_PSO,,
GEN=12_MEMBER=583_PSO,GEN=5_MEMBER=216_PSO,,
GEN=12_MEMBER=584_PSO,GEN=5_MEMBER=223_PSO,,
GEN=12_MEMBER=585_PSO,GEN=7_MEMBER=342_PSO,,
GEN=12_MEMBER=586_PSO,GEN=6_MEMBER=288_PSO,,
GEN=12_MEMBER=587_PSO,GEN=8_MEMBER=363_PSO,,
GEN=12_MEMBER=588_PSO,GEN=6_MEMBER=281_PSO,,
GEN=12_MEMBER=589_PSO,GEN=2_MEMBER=97_PSO,,
GEN=12_MEMBER=590_PSO,GEN=9_MEMBER=447_PSO,,
GEN=12_MEMBER=591_PSO,GEN=9_MEMBER=413_PSO,,
GEN=12_MEMBER=592_PSO,GEN=10_MEMBER=462_PSO,,
GEN=12_MEMBER=593_PSO,GEN=9_MEMBER=435_PSO,,
GEN=12_MEMBER=594_PSO,GEN=6_MEMBER=260_PSO,,
GEN=12_MEMBER=595_PSO,GEN=5_MEMBER=228_PSO,,
GEN=12_MEMBER=596_PSO,GEN=7_MEMBER=344_PSO,,
GEN=12_MEMBER=597_PSO,GEN=8_MEMBER=354_PSO,,
GEN=12_MEMBER=598_PSO,GEN=10_MEMBER=463_PSO,,
GEN=12_MEMBER=599_PSO,GEN=6_MEMBER=271_PSO,,
GEN=12_MEMBER=600_PSO,GEN=11_MEMBER=538_PSO,,
GEN=13_MEMBER=601_PSO,GEN=8_MEMBER=367_PSO,,
GEN=13_MEMBER=602_PSO,GEN=10_MEMBER=479_PSO,,
GEN=13_MEMBER=603_PSO,GEN=11_MEMBER=502_PSO,,
GEN=13_MEMBER=604_PSO,GEN=2_MEMBER=81_PSO,,
GEN=13_MEMBER=605_PSO,GEN=10_MEMBER=480_PSO,,
GEN=13_MEMBER=606_PSO,GEN=11_MEMBER=527_PSO,,
GEN=13_MEMBER=607_PSO,GEN=11_MEMBER=540_PSO,,
GEN=13_MEMBER=608_PSO,GEN=11_MEMBER=506_PSO,,
GEN=13_MEMBER=609_PSO,GEN=7_MEMBER=331_PSO,,
GEN=13_MEMBER=610_PSO,GEN=4_MEMBER=185_PSO,,
GEN=13_MEMBER=611_PSO,GEN=7_MEMBER=327_PSO,,
GEN=13_MEMBER=612_PSO,GEN=11_MEMBER=546_PSO,,
GEN=13_MEMBER=613_PSO,GEN=11_MEMBER=520_PSO,,
GEN=13_MEMBER=614_PSO,GEN=4_MEMBER=176_PSO,,
GEN=13_MEMBER=615_PSO,GEN=9_MEMBER=423_PSO,,
GEN=13_MEMBER=616_PSO,GEN=11_MEMBER=512_PSO,,
GEN=13_MEMBER=617_PSO,GEN=12_MEMBER=595_PSO,,
GEN=13_MEMBER=618_PSO,GEN=0_MEMBER=6,,
GEN=13_MEMBER=619_PSO,GEN=9_MEMBER=444_PSO,,
GEN=13_MEMBER=620_PSO,GEN=5_MEMBER=241_PSO,,
GEN=13_MEMBER=621_PSO,GEN=5_MEMBER=245_PSO,,
GEN=13_MEMBER=622_PSO,GEN=7_MEMBER=342_PSO,,
GEN=13_MEMBER=623_PSO,GEN=12_MEMBER=569_PSO,,
GEN=13_MEMBER=624_PSO,GEN=10_MEMBER=498_PSO,,
GEN=13_MEMBER=625_PSO,GEN=10_MEMBER=477_PSO,,
GEN=13_MEMBER=626_PSO,GEN=10_MEMBER=493_PSO,,
GEN=13_MEMBER=627_PSO,GEN=12_MEMBER=568_PSO,,
GEN=13_MEMBER=628_PSO,GEN=9_MEMBER=446_PSO,,
GEN=13_MEMBER=629_PSO,GEN=8_MEMBER=358_PSO,,
GEN=13_MEMBER=630_PSO,GEN=8_MEMBER=363_PSO,,
GEN=13_MEMBER=631_PSO,GEN=5_MEMBER=216_PSO,,
GEN=13_MEMBER=632_PSO,GEN=12_MEMBER=566_PSO,,
GEN=13_MEMBER=633_PSO,GEN=8_MEMBER=397_PSO,,
GEN=13_MEMBER=634_PSO,GEN=9_MEMBER=403_PSO,,
GEN=13_MEMBER=635_PSO,GEN=5_MEMBER=223_PSO,,
GEN=13_MEMBER=636_PSO,GEN=10_MEMBER=463_PSO,,
GEN=13_MEMBER=637_PSO,GEN=6_MEMBER=271_PSO,,
GEN=13_MEMBER=638_PSO,GEN=7_MEMBER=344_PSO,,
GEN=13_MEMBER=639_PSO,GEN=6_MEMBER=288_PSO,,
GEN=13_MEMBER=640_PSO,GEN=6_MEMBER=260_PSO,,
GEN=13_MEMBER=641_PSO,GEN=11_MEMBER=538_PSO,,
GEN=13_MEMBER=642_PSO,GEN=6_MEMBER=281_PSO,,
GEN=13_MEMBER=643_PSO,GEN=2_MEMBER=97_PSO,,
GEN=13_MEMBER=644_PSO,GEN=9_MEMBER=447_PSO,,
GEN=13_MEMBER=645_PSO,GEN=9_MEMBER=413_PSO,,
GEN=13_MEMBER=646_PSO,GEN=10_MEMBER=462_PSO,,
GEN=13_MEMBER=647_PSO,GEN=12_MEMBER=598_PSO,,
GEN=13_MEMBER=648_PSO,GEN=9_MEMBER=435_PSO,,
GEN=13_MEMBER=649_PSO,GEN=10_MEMBER=461_PSO,,
GEN=13_MEMBER=650_PSO,GEN=5_MEMBER=228_PSO,,
GEN=14_MEMBER=651_PSO,GEN=10_MEMBER=479_PSO,,
GEN=14_MEMBER=652_PSO,GEN=8_MEMBER=367_PSO,,
GEN=14_MEMBER=653_PSO,GEN=10_MEMBER=480_PSO,,
GEN=14_MEMBER=654_PSO,GEN=7_MEMBER=331_PSO,,
GEN=14_MEMBER=655_PSO,GEN=4_MEMBER=185_PSO,,
GEN=14_MEMBER=656_PSO,GEN=13_MEMBER=635_PSO,,
GEN=14_MEMBER=657_PSO,GEN=13_MEMBER=621_PSO,,
GEN=14_MEMBER=658_PSO,GEN=11_MEMBER=527_PSO,,
GEN=14_MEMBER=659_PSO,GEN=11_MEMBER=512_PSO,,
GEN=14_MEMBER=660_PSO,GEN=13_MEMBER=627_PSO,,
GEN=14_MEMBER=661_PSO,GEN=12_MEMBER=568_PSO,,
GEN=14_MEMBER=662_PSO,GEN=13_MEMBER=607_PSO,,
GEN=14_MEMBER=663_PSO,GEN=11_MEMBER=540_PSO,,
GEN=14_MEMBER=664_PSO,GEN=2_MEMBER=81_PSO,,
GEN=14_MEMBER=665_PSO,GEN=0_MEMBER=6,,
GEN=14_MEMBER=666_PSO,GEN=8_MEMBER=363_PSO,,
GEN=14_MEMBER=667_PSO,GEN=9_MEMBER=423_PSO,,
GEN=14_MEMBER=668_PSO,GEN=5_MEMBER=245_PSO,,
GEN=14_MEMBER=669_PSO,GEN=10_MEMBER=498_PSO,,
GEN=14_MEMBER=670_PSO,GEN=11_MEMBER=502_PSO,,
GEN=14_MEMBER=671_PSO,GEN=10_MEMBER=461_PSO,,
GEN=14_MEMBER=672_PSO,GEN=10_MEMBER=477_PSO,,
GEN=14_MEMBER=673_PSO,GEN=9_MEMBER=413_PSO,,
GEN=14_MEMBER=674_PSO,GEN=9_MEMBER=444_PSO,,
GEN=14_MEMBER=675_PSO,GEN=13_MEMBER=631_PSO,,
GEN=14_MEMBER=676_PSO,GEN=12_MEMBER=569_PSO,,
GEN=14_MEMBER=677_PSO,GEN=7_MEMBER=327_PSO,,
GEN=14_MEMBER=678_PSO,GEN=5_MEMBER=241_PSO,,
GEN=14_MEMBER=679_PSO,GEN=13_MEMBER=637_PSO,,
GEN=14_MEMBER=680_PSO,GEN=13_MEMBER=603_PSO,,
GEN=14_MEMBER=681_PSO,GEN=12_MEMBER=598_PSO,,
GEN=14_MEMBER=682_PSO,GEN=12_MEMBER=566_PSO,,
GEN=14_MEMBER=683_PSO,GEN=8_MEMBER=397_PSO,,
GEN=14_MEMBER=684_PSO,GEN=9_MEMBER=403_PSO,,
GEN=14_MEMBER=685_PSO,GEN=10_MEMBER=493_PSO,,
GEN=14_MEMBER=686_PSO,GEN=7_MEMBER=344_PSO,,
GEN=14_MEMBER=687_PSO,GEN=5_MEMBER=223_PSO,,
GEN=14_MEMBER=688_PSO,GEN=13_MEMBER=649_PSO,,
GEN=14_MEMBER=689_PSO,GEN=12_MEMBER=595_PSO,,
GEN=14_MEMBER=690_PSO,GEN=9_MEMBER=446_PSO,,
GEN=14_MEMBER=691_PSO,GEN=6_MEMBER=271_PSO,,
GEN=14_MEMBER=692_PSO,GEN=6_MEMBER=288_PSO,,
GEN=14_MEMBER=693_PSO,GEN=11_MEMBER=538_PSO,,
GEN=14_MEMBER=694_PSO,GEN=6_MEMBER=281_PSO,,
GEN=14_MEMBER=695_PSO,GEN=11_MEMBER=520_PSO,,
GEN=14_MEMBER=696_PSO,GEN=8_MEMBER=358_PSO,,
GEN=14_MEMBER=697_PSO,GEN=2_MEMBER=97_PSO,,
GEN=14_MEMBER=698_PSO,GEN=4_MEMBER=176_PSO,,
GEN=14_MEMBER=699_PSO,GEN=9_MEMBER=435_PSO,,
GEN=14_MEMBER=700_PSO,GEN=13_MEMBER=613_PSO,,
GEN=15_MEMBER=701_PSO,GEN=8_MEMBER=367_PSO,,
GEN=15_MEMBER=702_PSO,GEN=14_MEMBER=672_PSO,,
GEN=15_MEMBER=703_PSO,GEN=14_MEMBER=700_PSO,,
GEN=15_MEMBER=704_PSO,GEN=0_MEMBER=6,,
GEN=15_MEMBER=705_PSO,GEN=14_MEMBER=688_PSO,,
GEN=15_MEMBER=706_PSO,GEN=13_MEMBER=603_PSO,,
GEN=15_MEMBER=707_PSO,GEN=7_MEMBER=331_PSO,,
GEN=15_MEMBER=708_PSO,GEN=13_MEMBER=637_PSO,,
GEN=15_MEMBER=709_PSO,GEN=10_MEMBER=477_PSO,,
GEN=15_MEMBER=710_PSO,GEN=13_MEMBER=635_PSO,,
GEN=15_MEMBER=711_PSO,GEN=9_MEMBER=446_PSO,,
GEN=15_MEMBER=712_PSO,GEN=13_MEMBER=621_PSO,,
GEN=15_MEMBER=713_PSO,GEN=8_MEMBER=397_PSO,,
GEN=15_MEMBER=714_PSO,GEN=11_MEMBER=512_PSO,,
GEN=15_MEMBER=715_PSO,GEN=13_MEMBER=627_PSO,,
GEN=15_MEMBER=716_PSO,GEN=12_MEMBER=568_PSO,,
GEN=15_MEMBER=717_PSO,GEN=13_MEMBER=607_PSO,,
GEN=15_MEMBER=718_PSO,GEN=10_MEMBER=480_PSO,,
GEN=15_MEMBER=719_PSO,GEN=5_MEMBER=223_PSO,,
GEN=15_MEMBER=720_PSO,GEN=2_MEMBER=81_PSO,,
GEN=15_MEMBER=721_PSO,GEN=7_MEMBER=327_PSO,,
GEN=15_MEMBER=722_PSO,GEN=14_MEMBER=661_PSO,,
GEN=15_MEMBER=723_PSO,GEN=14_MEMBER=654_PSO,,
GEN=15_MEMBER=724_PSO,GEN=9_MEMBER=423_PSO,,
GEN=15_MEMBER=725_PSO,GEN=11_MEMBER=502_PSO,,
GEN=15_MEMBER=726_PSO,GEN=9_MEMBER=444_PSO,,
GEN=15_MEMBER=727_PSO,GEN=13_MEMBER=649_PSO,,
GEN=15_MEMBER=728_PSO,GEN=7_MEMBER=344_PSO,,
GEN=15_MEMBER=729_PSO,GEN=13_MEMBER=631_PSO,,
GEN=15_MEMBER=730_PSO,GEN=10_MEMBER=461_PSO,,
GEN=15_MEMBER=731_PSO,GEN=5_MEMBER=241_PSO,,
GEN=15_MEMBER=732_PSO,GEN=8_MEMBER=358_PSO,,
GEN=15_MEMBER=733_PSO,GEN=5_MEMBER=245_PSO,,
GEN=15_MEMBER=734_PSO,GEN=10_MEMBER=498_PSO,,
GEN=15_MEMBER=735_PSO,GEN=12_MEMBER=566_PSO,,
GEN=15_MEMBER=736_PSO,GEN=10_MEMBER=493_PSO,,
GEN=15_MEMBER=737_PSO,GEN=9_MEMBER=403_PSO,,
GEN=15_MEMBER=738_PSO,GEN=11_MEMBER=527_PSO,,
GEN=15_MEMBER=739_PSO,GEN=4_MEMBER=176_PSO,,
GEN=15_MEMBER=740_PSO,GEN=4_MEMBER=185_PSO,,
GEN=15_MEMBER=741_PSO,GEN=12_MEMBER=595_PSO,,
GEN=15_MEMBER=742_PSO,GEN=14_MEMBER=679_PSO,,
GEN=15_MEMBER=743_PSO,GEN=11_MEMBER=538_PSO,,
GEN=15_MEMBER=744_PSO,GEN=11_MEMBER=520_PSO,,
GEN=15_MEMBER=745_PSO,GEN=14_MEMBER=691_PSO,,
GEN=15_MEMBER=746_PSO,GEN=14_MEMBER=696_PSO,,
GEN=15_MEMBER=747_PSO,GEN=9_MEMBER=413_PSO,,
GEN=15_MEMBER=748_PSO,GEN=13_MEMBER=613_PSO,,
GEN=15_MEMBER=749_PSO,GEN=8_MEMBER=363_PSO,,
GEN=15_MEMBER=750_PSO,GEN=12_MEMBER=598_PSO,,
GEN=16_MEMBER=751_PSO,GEN=8_MEMBER=367_PSO,,
GEN=16_MEMBER=752_PSO,GEN=14_MEMBER=672_PSO,,
GEN=16_MEMBER=753_PSO,GEN=14_MEMBER=688_PSO,,
GEN=16_MEMBER=754_PSO,GEN=13_MEMBER=603_PSO,,
GEN=16_MEMBER=755_PSO,GEN=15_MEMBER=737_PSO,,
GEN=16_MEMBER=756_PSO,GEN=0_MEMBER=6,,
GEN=16_MEMBER=757_PSO,GEN=14_MEMBER=700_PSO,,
GEN=16_MEMBER=758_PSO,GEN=15_MEMBER=747_PSO,,
GEN=16_MEMBER=759_PSO,GEN=2_MEMBER=81_PSO,,
GEN=16_MEMBER=760_PSO,GEN=13_MEMBER=635_PSO,,
GEN=16_MEMBER=761_PSO,GEN=11_MEMBER=512_PSO,,
GEN=16_MEMBER=762_PSO,GEN=13_MEMBER=621_PSO,,
GEN=16_MEMBER=763_PSO,GEN=8_MEMBER=397_PSO,,
GEN=16_MEMBER=764_PSO,GEN=15_MEMBER=748_PSO,,
GEN=16_MEMBER=765_PSO,GEN=11_MEMBER=502_PSO,,
GEN=16_MEMBER=766_PSO,GEN=10_MEMBER=480_PSO,,
GEN=16_MEMBER=767_PSO,GEN=5_MEMBER=223_PSO,,
GEN=16_MEMBER=768_PSO,GEN=7_MEMBER=327_PSO,,
GEN=16_MEMBER=769_PSO,GEN=14_MEMBER=661_PSO,,
GEN=16_MEMBER=770_PSO,GEN=14_MEMBER=654_PSO,,
GEN=16_MEMBER=771_PSO,GEN=13_MEMBER=649_PSO,,
GEN=16_MEMBER=772_PSO,GEN=9_MEMBER=413_PSO,,
GEN=16_MEMBER=773_PSO,GEN=12_MEMBER=568_PSO,,
GEN=16_MEMBER=774_PSO,GEN=7_MEMBER=344_PSO,,
GEN=16_MEMBER=775_PSO,GEN=13_MEMBER=631_PSO,,
GEN=16_MEMBER=776_PSO,GEN=15_MEMBER=701_PSO,,
GEN=16_MEMBER=777_PSO,GEN=10_MEMBER=498_PSO,,
GEN=16_MEMBER=778_PSO,GEN=5_MEMBER=241_PSO,,
GEN=16_MEMBER=779_PSO,GEN=8_MEMBER=358_PSO,,
GEN=16_MEMBER=780_PSO,GEN=5_MEMBER=245_PSO,,
GEN=16_MEMBER=781_PSO,GEN=12_MEMBER=598_PSO,,
GEN=16_MEMBER=782_PSO,GEN=15_MEMBER=717_PSO,,
GEN=16_MEMBER=783_PSO,GEN=13_MEMBER=627_PSO,,
GEN=16_MEMBER=784_PSO,GEN=9_MEMBER=446_PSO,,
GEN=16_MEMBER=785_PSO,GEN=12_MEMBER=566_PSO,,
GEN=16_MEMBER=786_PSO,GEN=10_MEMBER=493_PSO,,
GEN=16_MEMBER=787_PSO,GEN=11_MEMBER=527_PSO,,
GEN=16_MEMBER=788_PSO,GEN=10_MEMBER=477_PSO,,
GEN=16_MEMBER=789_PSO,GEN=14_MEMBER=691_PSO,,
GEN=16_MEMBER=790_PSO,GEN=15_MEMBER=744_PSO,,
GEN=16_MEMBER=791_PSO,GEN=4_MEMBER=185_PSO,,
GEN=16_MEMBER=792_PSO,GEN=15_MEMBER=722_PSO,,
GEN=16_MEMBER=793_PSO,GEN=10_MEMBER=461_PSO,,
GEN=16_MEMBER=794_PSO,GEN=15_MEMBER=732_PSO,,
GEN=16_MEMBER=795_PSO,GEN=14_MEMBER=679_PSO,,
GEN=16_MEMBER=796_PSO,GEN=11_MEMBER=538_PSO,,
GEN=16_MEMBER=797_PSO,GEN=15_MEMBER=746_PSO,,
GEN=16_MEMBER=798_PSO,GEN=11_MEMBER=520_PSO,,
GEN=16_MEMBER=799_PSO,GEN=15_MEMBER=706_PSO,,
GEN=16_MEMBER=800_PSO,GEN=14_MEMBER=696_PSO,,
GEN=17_MEMBER=801_PSO,GEN=8_MEMBER=367_PSO,,
GEN=17_MEMBER=802_PSO,GEN=14_MEMBER=672_PSO,,
GEN=17_MEMBER=803_PSO,GEN=0_MEMBER=6,,
GEN=17_MEMBER=804_PSO,GEN=14_MEMBER=688_PSO,,
GEN=17_MEMBER=805_PSO,GEN=16_MEMBER=798_PSO,,
GEN=17_MEMBER=806_PSO,GEN=14_MEMBER=700_PSO,,
GEN=17_MEMBER=807_PSO,GEN=15_MEMBER=737_PSO,,
GEN=17_MEMBER=808_PSO,GEN=2_MEMBER=81_PSO,,
GEN=17_MEMBER=809_PSO,GEN=13_MEMBER=631_PSO,,
GEN=17_MEMBER=810_PSO,GEN=13_MEMBER=635_PSO,,
GEN=17_MEMBER=811_PSO,GEN=15_MEMBER=747_PSO,,
GEN=17_MEMBER=812_PSO,GEN=10_MEMBER=461_PSO,,
GEN=17_MEMBER=813_PSO,GEN=13_MEMBER=603_PSO,,
GEN=17_MEMBER=814_PSO,GEN=11_MEMBER=512_PSO,,
GEN=17_MEMBER=815_PSO,GEN=14_MEMBER=691_PSO,,
GEN=17_MEMBER=816_PSO,GEN=13_MEMBER=621_PSO,,
GEN=17_MEMBER=817_PSO,GEN=11_MEMBER=502_PSO,,
GEN=17_MEMBER=818_PSO,GEN=10_MEMBER=480_PSO,,
GEN=17_MEMBER=819_PSO,GEN=7_MEMBER=327_PSO,,
GEN=17_MEMBER=820_PSO,GEN=12_MEMBER=566_PSO,,
GEN=17_MEMBER=821_PSO,GEN=14_MEMBER=661_PSO,,
GEN=17_MEMBER=822_PSO,GEN=14_MEMBER=654_PSO,,
GEN=17_MEMBER=823_PSO,GEN=14_MEMBER=696_PSO,,
GEN=17_MEMBER=824_PSO,GEN=9_MEMBER=413_PSO,,
GEN=17_MEMBER=825_PSO,GEN=12_MEMBER=568_PSO,,
GEN=17_MEMBER=826_PSO,GEN=7_MEMBER=344_PSO,,
GEN=17_MEMBER=827_PSO,GEN=16_MEMBER=794_PSO,,
GEN=17_MEMBER=828_PSO,GEN=16_MEMBER=797_PSO,,
GEN=17_MEMBER=829_PSO,GEN=15_MEMBER=748_PSO,,
GEN=17_MEMBER=830_PSO,GEN=5_MEMBER=241_PSO,,
GEN=17_MEMBER=831_PSO,GEN=8_MEMBER=358_PSO,,
GEN=17_MEMBER=832_PSO,GEN=5_MEMBER=245_PSO,,
GEN=17_MEMBER=833_PSO,GEN=10_MEMBER=493_PSO,,
GEN=17_MEMBER=834_PSO,GEN=11_MEMBER=527_PSO,,
GEN=17_MEMBER=835_PSO,GEN=10_MEMBER=498_PSO,,
GEN=17_MEMBER=836_PSO,GEN=10_MEMBER=477_PSO,,
GEN=17_MEMBER=837_PSO,GEN=4_MEMBER=185_PSO,,
GEN=17_MEMBER=838_PSO,GEN=15_MEMBER=722_PSO,,
GEN=17_MEMBER=839_PSO,GEN=15_MEMBER=732_PSO,,
GEN=17_MEMBER=840_PSO,GEN=14_MEMBER=679_PSO,,
GEN=17_MEMBER=841_PSO,GEN=11_MEMBER=538_PSO,,
GEN=17_MEMBER=842_PSO,GEN=15_MEMBER=746_PSO,,
GEN=17_MEMBER=843_PSO,GEN=13_MEMBER=649_PSO,,
GEN=17_MEMBER=844_PSO,GEN=9_MEMBER=446_PSO,,
GEN=17_MEMBER=845_PSO,GEN=16_MEMBER=785_PSO,,
GEN=17_MEMBER=846_PSO,GEN=15_MEMBER=717_PSO,,
GEN=17_MEMBER=847_PSO,GEN=8_MEMBER=397_PSO,,
GEN=17_MEMBER=848_PSO,GEN=15_MEMBER=744_PSO,,
GEN=17_MEMBER=849_PSO,GEN=11_MEMBER=520_PSO,,
GEN=17_MEMBER=850_PSO,GEN=16_MEMBER=795_PSO,,
GEN=18_MEMBER=851_PSO,GEN=8_MEMBER=367_PSO,,
GEN=18_MEMBER=852_PSO,GEN=14_MEMBER=672_PSO,,
GEN=18_MEMBER=853_PSO,GEN=0_MEMBER=6,,
GEN=18_MEMBER=854_PSO,GEN=14_MEMBER=688_PSO,,
GEN=18_MEMBER=855_PSO,GEN=16_MEMBER=798_PSO,,
GEN=18_MEMBER=856_PSO,GEN=15_MEMBER=747_PSO,,
GEN=18_MEMBER=857_PSO,GEN=16_MEMBER=794_PSO,,
GEN=18_MEMBER=858_PSO,GEN=2_MEMBER=81_PSO,,
GEN=18_MEMBER=859_PSO,GEN=13_MEMBER=631_PSO,,
GEN=18_MEMBER=860_PSO,GEN=13_MEMBER=635_PSO,,
GEN=18_MEMBER=861_PSO,GEN=10_MEMBER=461_PSO,,
GEN=18_MEMBER=862_PSO,GEN=14_MEMBER=691_PSO,,
GEN=18_MEMBER=863_PSO,GEN=17_MEMBER=811_PSO,,
GEN=18_MEMBER=864_PSO,GEN=17_MEMBER=830_PSO,,
GEN=18_MEMBER=865_PSO,GEN=7_MEMBER=327_PSO,,
GEN=18_MEMBER=866_PSO,GEN=14_MEMBER=661_PSO,,
GEN=18_MEMBER=867_PSO,GEN=13_MEMBER=603_PSO,,
GEN=18_MEMBER=868_PSO,GEN=9_MEMBER=413_PSO,,
GEN=18_MEMBER=869_PSO,GEN=14_MEMBER=696_PSO,,
GEN=18_MEMBER=870_PSO,GEN=7_MEMBER=344_PSO,,
GEN=18_MEMBER=871_PSO,GEN=14_MEMBER=654_PSO,,
GEN=18_MEMBER=872_PSO,GEN=16_MEMBER=797_PSO,,
GEN=18_MEMBER=873_PSO,GEN=15_MEMBER=748_PSO,,
GEN=18_MEMBER=874_PSO,GEN=12_MEMBER=566_PSO,,
GEN=18_MEMBER=875_PSO,GEN=8_MEMBER=358_PSO,,
GEN=18_MEMBER=876_PSO,GEN=14_MEMBER=700_PSO,,
GEN=18_MEMBER=877_PSO,GEN=5_MEMBER=241_PSO,,
GEN=18_MEMBER=878_PSO,GEN=17_MEMBER=815_PSO,,
GEN=18_MEMBER=879_PSO,GEN=15_MEMBER=717_PSO,,
GEN=18_MEMBER=880_PSO,GEN=17_MEMBER=840_PSO,,
GEN=18_MEMBER=881_PSO,GEN=11_MEMBER=527_PSO,,
GEN=18_MEMBER=882_PSO,GEN=10_MEMBER=477_PSO,,
GEN=18_MEMBER=883_PSO,GEN=8_MEMBER=397_PSO,,
GEN=18_MEMBER=884_PSO,GEN=10_MEMBER=498_PSO,,
GEN=18_MEMBER=885_PSO,GEN=4_MEMBER=185_PSO,,
GEN=18_MEMBER=886_PSO,GEN=15_MEMBER=722_PSO,,
GEN=18_MEMBER=887_PSO,GEN=12_MEMBER=568_PSO,,
GEN=18_MEMBER=888_PSO,GEN=10_MEMBER=493_PSO,,
GEN=18_MEMBER=889_PSO,GEN=17_MEMBER=806_PSO,,
GEN=18_MEMBER=890_PSO,GEN=17_MEMBER=823_PSO,,
GEN=18_MEMBER=891_PSO,GEN=15_MEMBER=737_PSO,,
GEN=18_MEMBER=892_PSO,GEN=16_MEMBER=795_PSO,,
GEN=18_MEMBER=893_PSO,GEN=15_MEMBER=744_PSO,,
GEN=18_MEMBER=894_PSO,GEN=10_MEMBER=480_PSO,,
GEN=18_MEMBER=895_PSO,GEN=11_MEMBER=538_PSO,,
GEN=18_MEMBER=896_PSO,GEN=9_MEMBER=446_PSO,,
GEN=18_MEMBER=897_PSO,GEN=17_MEMBER=807_PSO,,
GEN=18_MEMBER=898_PSO,GEN=17_MEMBER=836_PSO,,
GEN=18_MEMBER=899_PSO,GEN=16_MEMBER=785_PSO,,
GEN=18_MEMBER=900_PSO,GEN=17_MEMBER=821_PSO,,
GEN=19_MEMBER=901_PSO,GEN=14_MEMBER=672_PSO,,
GEN=19_MEMBER=902_PSO,GEN=8_MEMBER=367_PSO,,
GEN=19_MEMBER=903_PSO,GEN=0_MEMBER=6,,
GEN=19_MEMBER=904_PSO,GEN=16_MEMBER=798_PSO,,
GEN=19_MEMBER=905_PSO,GEN=15_MEMBER=747_PSO,,
GEN=19_MEMBER=906_PSO,GEN=17_MEMBER=823_PSO,,
GEN=19_MEMBER=907_PSO,GEN=16_MEMBER=794_PSO,,
GEN=19_MEMBER=908_PSO,GEN=13_MEMBER=603_PSO,,
GEN=19_MEMBER=909_PSO,GEN=13_MEMBER=631_PSO,,
GEN=19_MEMBER=910_PSO,GEN=18_MEMBER=880_PSO,,
GEN=19_MEMBER=911_PSO,GEN=2_MEMBER=81_PSO,,
GEN=19_MEMBER=912_PSO,GEN=10_MEMBER=461_PSO,,
GEN=19_MEMBER=913_PSO,GEN=14_MEMBER=691_PSO,,
GEN=19_MEMBER=914_PSO,GEN=14_MEMBER=688_PSO,,
GEN=19_MEMBER=915_PSO,GEN=17_MEMBER=830_PSO,,
GEN=19_MEMBER=916_PSO,GEN=18_MEMBER=854_PSO,,
GEN=19_MEMBER=917_PSO,GEN=17_MEMBER=840_PSO,,
GEN=19_MEMBER=918_PSO,GEN=17_MEMBER=807_PSO,,
GEN=19_MEMBER=919_PSO,GEN=17_MEMBER=811_PSO,,
GEN=19_MEMBER=920_PSO,GEN=14_MEMBER=654_PSO,,
GEN=19_MEMBER=921_PSO,GEN=16_MEMBER=797_PSO,,
GEN=19_MEMBER=922_PSO,GEN=15_MEMBER=748_PSO,,
GEN=19_MEMBER=923_PSO,GEN=12_MEMBER=566_PSO,,
GEN=19_MEMBER=924_PSO,GEN=11_MEMBER=538_PSO,,
GEN=19_MEMBER=925_PSO,GEN=4_MEMBER=185_PSO,,
GEN=19_MEMBER=926_PSO,GEN=14_MEMBER=696_PSO,,
GEN=19_MEMBER=927_PSO,GEN=8_MEMBER=358_PSO,,
GEN=19_MEMBER=928_PSO,GEN=14_MEMBER=700_PSO,,
GEN=19_MEMBER=929_PSO,GEN=5_MEMBER=241_PSO,,
GEN=19_MEMBER=930_PSO,GEN=7_MEMBER=344_PSO,,
GEN=19_MEMBER=931_PSO,GEN=17_MEMBER=815_PSO,,
GEN=19_MEMBER=932_PSO,GEN=15_MEMBER=717_PSO,,
GEN=19_MEMBER=933_PSO,GEN=18_MEMBER=878_PSO,,
GEN=19_MEMBER=934_PSO,GEN=18_MEMBER=863_PSO,,
GEN=19_MEMBER=935_PSO,GEN=11_MEMBER=527_PSO,,
GEN=19_MEMBER=936_PSO,GEN=7_MEMBER=327_PSO,,
GEN=19_MEMBER=937_PSO,GEN=8_MEMBER=397_PSO,,
GEN=19_MEMBER=938_PSO,GEN=10_MEMBER=498_PSO,,
GEN=19_MEMBER=939_PSO,GEN=17_MEMBER=821_PSO,,
GEN=19_MEMBER=940_PSO,GEN=18_MEMBER=889_PSO,,
GEN=19_MEMBER=941_PSO,GEN=17_MEMBER=806_PSO,,
GEN=19_MEMBER=942_PSO,GEN=9_MEMBER=413_PSO,,
GEN=19_MEMBER=943_PSO,GEN=15_MEMBER=737_PSO,,
GEN=19_MEMBER=944_PSO,GEN=16_MEMBER=795_PSO,,
GEN=19_MEMBER=945_PSO,GEN=10_MEMBER=477_PSO,,
GEN=19_MEMBER=946_PSO,GEN=14_MEMBER=661_PSO,,
GEN=19_MEMBER=947_PSO,GEN=15_MEMBER=744_PSO,,
GEN=19_MEMBER=948_PSO,GEN=10_MEMBER=480_PSO,,
GEN=19_MEMBER=949_PSO,GEN=18_MEMBER=856_PSO,,
GEN=19_MEMBER=950_PSO,GEN=15_MEMBER=722_PSO,,
GEN=20_MEMBER=951_PSO,GEN=8_MEMBER=367_PSO,,
GEN=20_MEMBER=952_PSO,GEN=14_MEMBER=672_PSO,,
GEN=20_MEMBER=953_PSO,GEN=15_MEMBER=747_PSO,,
GEN=20_MEMBER=954_PSO,GEN=8_MEMBER=397_PSO,,
GEN=20_MEMBER=955_PSO,GEN=17_MEMBER=823_PSO,,
GEN=20_MEMBER=956_PSO,GEN=13_MEMBER=603_PSO,,
GEN=20_MEMBER=957_PSO,GEN=13_MEMBER=631_PSO,,
GEN=20_MEMBER=958_PSO,GEN=11_MEMBER=538_PSO,,
GEN=20_MEMBER=959_PSO,GEN=19_MEMBER=922_PSO,,
GEN=20_MEMBER=960_PSO,GEN=14_MEMBER=691_PSO,,
GEN=20_MEMBER=961_PSO,GEN=16_MEMBER=795_PSO,,
GEN=20_MEMBER=962_PSO,GEN=16_MEMBER=798_PSO,,
GEN=20_MEMBER=963_PSO,GEN=14_MEMBER=688_PSO,,
GEN=20_MEMBER=964_PSO,GEN=17_MEMBER=830_PSO,,
GEN=20_MEMBER=965_PSO,GEN=7_MEMBER=327_PSO,,
GEN=20_MEMBER=966_PSO,GEN=18_MEMBER=854_PSO,,
GEN=20_MEMBER=967_PSO,GEN=17_MEMBER=840_PSO,,
GEN=20_MEMBER=968_PSO,GEN=12_MEMBER=566_PSO,,
GEN=20_MEMBER=969_PSO,GEN=9_MEMBER=413_PSO,,
GEN=20_MEMBER=970_PSO,GEN=0_MEMBER=6,,
GEN=20_MEMBER=971_PSO,GEN=17_MEMBER=807_PSO,,
GEN=20_MEMBER=972_PSO,GEN=14_MEMBER=696_PSO,,
GEN=20_MEMBER=973_PSO,GEN=17_MEMBER=811_PSO,,
GEN=20_MEMBER=974_PSO,GEN=10_MEMBER=461_PSO,,
GEN=20_MEMBER=975_PSO,GEN=16_MEMBER=794_PSO,,
GEN=20_MEMBER=976_PSO,GEN=19_MEMBER=939_PSO,,
GEN=20_MEMBER=977_PSO,GEN=17_MEMBER=821_PSO,,
GEN=20_MEMBER=978_PSO,GEN=16_MEMBER=797_PSO,,
GEN=20_MEMBER=979_PSO,GEN=15_MEMBER=748_PSO,,
GEN=20_MEMBER=980_PSO,GEN=15_MEMBER=744_PSO,,
GEN=20_MEMBER=981_PSO,GEN=14_MEMBER=700_PSO,,
GEN=20_MEMBER=982_PSO,GEN=5_MEMBER=241_PSO,,
GEN=20_MEMBER=983_PSO,GEN=17_MEMBER=806_PSO,,
GEN=20_MEMBER=984_PSO,GEN=17_MEMBER=815_PSO,,
GEN=20_MEMBER=985_PSO,GEN=15_MEMBER=717_PSO,,
GEN=20_MEMBER=986_PSO,GEN=19_MEMBER=907_PSO,,
GEN=20_MEMBER=987_PSO,GEN=18_MEMBER=878_PSO,,
GEN=20_MEMBER=988_PSO,GEN=11_MEMBER=527_PSO,,
GEN=20_MEMBER=989_PSO,GEN=10_MEMBER=477_PSO,,
GEN=20_MEMBER=990_PSO,GEN=18_MEMBER=863_PSO,,
GEN=20_MEMBER=991_PSO,GEN=18_MEMBER=880_PSO,,
GEN=20_MEMBER=992_PSO,GEN=10_MEMBER=498_PSO,,
GEN=20_MEMBER=993_PSO,GEN=2_MEMBER=81_PSO,,
GEN=20_MEMBER=994_PSO,GEN=4_MEMBER=185_PSO,,
GEN=20_MEMBER=995_PSO,GEN=18_MEMBER=889_PSO,,
GEN=20_MEMBER=996_PSO,GEN=7_MEMBER=344_PSO,,
GEN=20_MEMBER=997_PSO,GEN=15_MEMBER=737_PSO,,
GEN=20_MEMBER=998_PSO,GEN=19_MEMBER=928_PSO,,
GEN=20_MEMBER=999_PSO,GEN=19_MEMBER=909_PSO,,
GEN=20_MEMBER=1000_PSO,GEN=10_MEMBER=480_PSO,,
